Supermodule_ID,PMT_ID,Sum_of_8_ID
001,00101,a1
001,00102,a1
001,00103,a2
001,00104,a1
001,00105,a1
001,00106,a2
001,00107,a1
001,00108,a1
001,00109,a2
002,00201,a2
002,00202,a3
002,00203,a3
002,00204,a2
002,00205,a3
002,00206,a3
002,00207,a2
002,00208,a3
002,00209,a3
003,00301,a4
003,00302,a4
003,00303,a5
003,00304,a4
003,00305,a4
003,00306,a5
003,00307,a4
003,00308,a4
003,00309,a5
004,00401,a5
004,00402,a6
004,00403,a6
004,00404,a5
004,00405,a6
004,00406,a6
004,00407,a5
004,00408,a6
004,00409,a6
005,00501,a1
005,00502,a1
005,00503,a2
005,00504,b1
005,00505,b1
005,00506,b2
005,00507,b1
005,00508,b1
005,00509,b2
006,00601,a2
006,00602,a3
006,00603,a3
006,00604,b2
006,00605,b3
006,00606,b3
006,00607,b2
006,00608,b3
006,00609,b3
007,00701,a4
007,00702,a4
007,00703,a5
007,00704,b4
007,00705,b4
007,00706,b5
007,00707,b4
007,00708,b4
007,00709,b5
008,00801,a5
008,00802,a6
008,00803,a6
008,00804,b5
008,00805,b6
008,00806,b6
008,00807,b5
008,00808,b6
008,00809,b6
009,00901,a7
009,00902,a7
009,00903,a8
009,00904,b7
009,00905,b7
009,00906,b8
009,00907,b7
009,00908,b7
009,00909,b8
010,01001,a8
010,01002,a9
010,01003,a9
010,01004,b8
010,01005,b9
010,01006,b9
010,01007,b8
010,01008,b9
010,01009,b9
011,01101,b1
011,01102,b1
011,01103,b2
011,01104,b1
011,01105,b1
011,01106,b2
011,01107,c1
011,01108,c1
011,01109,c2
012,01201,b2
012,01202,b3
012,01203,b3
012,01204,b2
012,01205,b3
012,01206,b3
012,01207,c2
012,01208,c3
012,01209,c3
013,01301,b4
013,01302,b4
013,01303,b5
013,01304,b4
013,01305,b4
013,01306,b5
013,01307,c4
013,01308,c4
013,01309,c5
014,01401,b5
014,01402,b6
014,01403,b6
014,01404,b5
014,01405,b6
014,01406,b6
014,01407,c5
014,01408,c6
014,01409,c6
015,01501,b7
015,01502,b7
015,01503,b8
015,01504,b7
015,01505,b7
015,01506,b8
015,01507,c7
015,01508,c7
015,01509,c8
016,01601,b8
016,01602,b9
016,01603,b9
016,01604,b8
016,01605,b9
016,01606,b9
016,01607,c8
016,01608,c9
016,01609,c9
017,01701,b10
017,01702,b10
017,01703,b11
017,01704,b10
017,01705,b10
017,01706,b11
017,01707,c10
017,01708,c10
017,01709,c11
018,01801,c1
018,01802,c1
018,01803,c2
018,01804,c1
018,01805,c1
018,01806,c2
018,01807,c1
018,01808,c1
018,01809,c2
019,01901,c2
019,01902,c3
019,01903,c3
019,01904,c2
019,01905,c3
019,01906,c3
019,01907,c2
019,01908,c3
019,01909,c3
020,02001,c4
020,02002,c4
020,02003,c5
020,02004,c4
020,02005,c4
020,02006,c5
020,02007,c4
020,02008,c4
020,02009,c5
021,02101,c5
021,02102,c6
021,02103,c6
021,02104,c5
021,02105,c6
021,02106,c6
021,02107,c5
021,02108,c6
021,02109,c6
022,02201,c7
022,02202,c7
022,02203,c8
022,02204,c7
022,02205,c7
022,02206,c8
022,02207,c7
022,02208,c7
022,02209,c8
023,02301,c8
023,02302,c9
023,02303,c9
023,02304,c8
023,02305,c9
023,02306,c9
023,02307,c8
023,02308,c9
023,02309,c9
024,02401,c10
024,02402,c10
024,02403,c11
024,02404,c10
024,02405,c10
024,02406,c11
024,02407,c10
024,02408,c10
024,02409,c11
025,02501,d1
025,02502,d1
025,02503,d2
025,02504,d1
025,02505,d1
025,02506,d2
025,02507,d1
025,02508,d1
025,02509,d2
026,02601,d2
026,02602,d3
026,02603,d3
026,02604,d2
026,02605,d3
026,02606,d3
026,02607,d2
026,02608,d3
026,02609,d3
027,02701,d4
027,02702,d4
027,02703,d5
027,02704,d4
027,02705,d4
027,02706,d5
027,02707,d4
027,02708,d4
027,02709,d5
028,02801,d5
028,02802,d6
028,02803,d6
028,02804,d5
028,02805,d6
028,02806,d6
028,02807,d5
028,02808,d6
028,02809,d6
029,02901,d7
029,02902,d7
029,02903,d8
029,02904,d7
029,02905,d7
029,02906,d8
029,02907,d7
029,02908,d7
029,02909,d8
030,03001,d8
030,03002,d9
030,03003,d9
030,03004,d8
030,03005,d9
030,03006,d9
030,03007,d8
030,03008,d9
030,03009,d9
031,03101,d10
031,03102,d10
031,03103,d11
031,03104,d10
031,03105,d10
031,03106,d11
031,03107,d10
031,03108,d10
031,03109,d11
032,03201,d11
032,03202,d12
032,03203,d12
032,03204,d11
032,03205,d12
032,03206,d12
032,03207,d11
032,03208,d12
032,03209,d12
033,03301,d2
033,03302,d2
033,03303,d3
033,03304,e2
033,03305,e2
033,03306,e3
033,03307,e2
033,03308,e2
033,03309,e3
034,03401,d3
034,03402,d4
034,03403,d4
034,03404,e3
034,03405,e4
034,03406,e4
034,03407,e3
034,03408,e4
034,03409,e4
035,03501,d5
035,03502,d5
035,03503,d6
035,03504,e5
035,03505,e5
035,03506,e6
035,03507,e5
035,03508,e5
035,03509,e6
036,03601,d6
036,03602,d7
036,03603,d7
036,03604,e6
036,03605,e7
036,03606,e7
036,03607,e6
036,03608,e7
036,03609,e7
037,03701,d8
037,03702,d8
037,03703,d9
037,03704,e8
037,03705,e8
037,03706,e9
037,03707,e8
037,03708,e8
037,03709,e9
038,03801,d9
038,03802,d10
038,03803,d10
038,03804,e9
038,03805,e10
038,03806,e10
038,03807,e9
038,03808,e10
038,03809,e10
039,03901,d11
039,03902,d11
039,03903,d12
039,03904,e11
039,03905,e11
039,03906,e12
039,03907,e11
039,03908,e11
039,03909,e12
040,04001,d12
040,04002,d13
040,04003,d13
040,04004,e12
040,04005,e13
040,04006,e13
040,04007,e12
040,04008,e13
040,04009,e13
041,04101,e2
041,04102,e2
041,04103,e3
041,04104,e2
041,04105,e2
041,04106,e3
041,04107,f2
041,04108,f2
041,04109,f3
042,04201,e3
042,04202,e4
042,04203,e4
042,04204,e3
042,04205,e4
042,04206,e4
042,04207,f3
042,04208,f4
042,04209,f4
043,04301,e5
043,04302,e5
043,04303,e6
043,04304,e5
043,04305,e5
043,04306,e6
043,04307,f5
043,04308,f5
043,04309,f6
044,04401,e6
044,04402,e7
044,04403,e7
044,04404,e6
044,04405,e7
044,04406,e7
044,04407,f6
044,04408,f7
044,04409,f7
045,04501,e8
045,04502,e8
045,04503,e9
045,04504,e8
045,04505,e8
045,04506,e9
045,04507,f8
045,04508,f8
045,04509,f9
046,04601,e9
046,04602,e10
046,04603,e10
046,04604,e9
046,04605,e10
046,04606,e10
046,04607,f9
046,04608,f10
046,04609,f10
047,04701,e11
047,04702,e11
047,04703,e12
047,04704,e11
047,04705,e11
047,04706,e12
047,04707,f11
047,04708,f11
047,04709,f12
048,04801,e12
048,04802,e13
048,04803,e13
048,04804,e12
048,04805,e13
048,04806,e13
048,04807,f12
048,04808,f13
048,04809,f13
049,04901,e14
049,04902,e14
049,04903,e15
049,04904,e14
049,04905,e14
049,04906,e15
049,04907,f14
049,04908,f14
049,04909,f15
050,05001,f2
050,05002,f2
050,05003,f3
050,05004,f2
050,05005,f2
050,05006,f3
050,05007,f2
050,05008,f2
050,05009,f3
051,05101,f3
051,05102,f4
051,05103,f4
051,05104,f3
051,05105,f4
051,05106,f4
051,05107,f3
051,05108,f4
051,05109,f4
052,05201,f5
052,05202,f5
052,05203,f6
052,05204,f5
052,05205,f5
052,05206,f6
052,05207,f5
052,05208,f5
052,05209,f6
053,05301,f6
053,05302,f7
053,05303,f7
053,05304,f6
053,05305,f7
053,05306,f7
053,05307,f6
053,05308,f7
053,05309,f7
054,05401,f8
054,05402,f8
054,05403,f9
054,05404,f8
054,05405,f8
054,05406,f9
054,05407,f8
054,05408,f8
054,05409,f9
055,05501,f9
055,05502,f10
055,05503,f10
055,05504,f9
055,05505,f10
055,05506,f10
055,05507,f9
055,05508,f10
055,05509,f10
056,05601,f11
056,05602,f11
056,05603,f12
056,05604,f11
056,05605,f11
056,05606,f12
056,05607,f11
056,05608,f11
056,05609,f12
057,05701,f12
057,05702,f13
057,05703,f13
057,05704,f12
057,05705,f13
057,05706,f13
057,05707,f12
057,05708,f13
057,05709,f13
058,05801,f14
058,05802,f14
058,05803,f15
058,05804,f14
058,05805,f14
058,05806,f15
058,05807,f14
058,05808,f14
058,05809,f15
059,05901,g2
059,05902,g2
059,05903,g3
059,05904,g2
059,05905,g2
059,05906,g3
059,05907,g2
059,05908,g2
059,05909,g3
060,06001,g3
060,06002,g4
060,06003,g4
060,06004,g3
060,06005,g4
060,06006,g4
060,06007,g3
060,06008,g4
060,06009,g4
061,06101,g5
061,06102,g5
061,06103,g6
061,06104,g5
061,06105,g5
061,06106,g6
061,06107,g5
061,06108,g5
061,06109,g6
062,06201,g6
062,06202,g7
062,06203,g7
062,06204,g6
062,06205,g7
062,06206,g7
062,06207,g6
062,06208,g7
062,06209,g7
063,06301,g8
063,06302,g8
063,06303,g9
063,06304,g8
063,06305,g8
063,06306,g9
063,06307,g8
063,06308,g8
063,06309,g9
064,06401,g9
064,06402,g10
064,06403,g10
064,06404,g9
064,06405,g10
064,06406,g10
064,06407,g9
064,06408,g10
064,06409,g10
065,06501,g11
065,06502,g11
065,06503,g12
065,06504,g11
065,06505,g11
065,06506,g12
065,06507,g11
065,06508,g11
065,06509,g12
066,06601,g12
066,06602,g13
066,06603,g13
066,06604,g12
066,06605,g13
066,06606,g13
066,06607,g12
066,06608,g13
066,06609,g13
067,06701,g14
067,06702,g14
067,06703,g15
067,06704,g14
067,06705,g14
067,06706,g15
067,06707,g14
067,06708,g14
067,06709,g15
068,06801,g2
068,06802,g2
068,06803,g3
068,06804,h2
068,06805,h2
068,06806,h3
068,06807,h2
068,06808,h2
068,06809,h3
069,06901,g3
069,06902,g4
069,06903,g4
069,06904,h3
069,06905,h4
069,06906,h4
069,06907,h3
069,06908,h4
069,06909,h4
070,07001,g5
070,07002,g5
070,07003,g6
070,07004,h5
070,07005,h5
070,07006,h6
070,07007,h5
070,07008,h5
070,07009,h6
071,07101,g6
071,07102,g7
071,07103,g7
071,07104,h6
071,07105,h7
071,07106,h7
071,07107,h6
071,07108,h7
071,07109,h7
072,07201,g8
072,07202,g8
072,07203,g9
072,07204,h8
072,07205,h8
072,07206,h9
072,07207,h8
072,07208,h8
072,07209,h9
073,07301,g9
073,07302,g10
073,07303,g10
073,07304,h9
073,07305,h10
073,07306,h10
073,07307,h9
073,07308,h10
073,07309,h10
074,07401,g11
074,07402,g11
074,07403,g12
074,07404,h11
074,07405,h11
074,07406,h12
074,07407,h11
074,07408,h11
074,07409,h12
075,07501,g12
075,07502,g13
075,07503,g13
075,07504,h12
075,07505,h13
075,07506,h13
075,07507,h12
075,07508,h13
075,07509,h13
076,07601,g14
076,07602,g14
076,07603,g15
076,07604,h14
076,07605,h14
076,07606,h15
076,07607,h14
076,07608,h14
076,07609,h15
077,07701,h2
077,07702,h2
077,07703,h3
077,07704,h2
077,07705,h2
077,07706,h3
077,07707,i2
077,07708,i2
077,07709,i3
078,07801,h3
078,07802,h4
078,07803,h4
078,07804,h3
078,07805,h4
078,07806,h4
078,07807,i3
078,07808,i4
078,07809,i4
079,07901,h5
079,07902,h5
079,07903,h6
079,07904,h5
079,07905,h5
079,07906,h6
079,07907,i5
079,07908,i5
079,07909,i6
080,08001,h6
080,08002,h7
080,08003,h7
080,08004,h6
080,08005,h7
080,08006,h7
080,08007,i6
080,08008,i7
080,08009,i7
081,08101,h8
081,08102,h8
081,08103,h9
081,08104,h8
081,08105,h8
081,08106,h9
081,08107,i8
081,08108,i8
081,08109,i9
082,08201,h9
082,08202,h10
082,08203,h10
082,08204,h9
082,08205,h10
082,08206,h10
082,08207,i9
082,08208,i10
082,08209,i10
083,08301,h11
083,08302,h11
083,08303,h12
083,08304,h11
083,08305,h11
083,08306,h12
083,08307,i11
083,08308,i11
083,08309,i12
084,08401,h12
084,08402,h13
084,08403,h13
084,08404,h12
084,08405,h13
084,08406,h13
084,08407,i12
084,08408,i13
084,08409,i13
085,08501,h14
085,08502,h14
085,08503,h15
085,08504,h14
085,08505,h14
085,08506,h15
085,08507,i14
085,08508,i14
085,08509,i15
086,08601,i2
086,08602,i2
086,08603,i3
086,08604,i2
086,08605,i2
086,08606,i3
086,08607,i2
086,08608,i2
086,08609,i3
087,08701,i3
087,08702,i4
087,08703,i4
087,08704,i3
087,08705,i4
087,08706,i4
087,08707,i3
087,08708,i4
087,08709,i4
088,08801,i5
088,08802,i5
088,08803,i6
088,08804,i5
088,08805,i5
088,08806,i6
088,08807,i5
088,08808,i5
088,08809,i6
089,08901,i6
089,08902,i7
089,08903,i7
089,08904,i6
089,08905,i7
089,08906,i7
089,08907,i6
089,08908,i7
089,08909,i7
090,09001,i8
090,09002,i8
090,09003,i9
090,09004,i8
090,09005,i8
090,09006,i9
090,09007,i8
090,09008,i8
090,09009,i9
091,09101,i9
091,09102,i10
091,09103,i10
091,09104,i9
091,09105,i10
091,09106,i10
091,09107,i9
091,09108,i10
091,09109,i10
092,09201,i11
092,09202,i11
092,09203,i12
092,09204,i11
092,09205,i11
092,09206,i12
092,09207,i11
092,09208,i11
092,09209,i12
093,09301,i12
093,09302,i13
093,09303,i13
093,09304,i12
093,09305,i13
093,09306,i13
093,09307,i12
093,09308,i13
093,09309,i13
094,09401,i14
094,09402,i14
094,09403,i15
094,09404,i14
094,09405,i14
094,09406,i15
094,09407,i14
094,09408,i14
094,09409,i15
095,09501,g2
095,09502,g2
095,09503,g3
095,09504,g2
095,09505,g2
095,09506,g3
095,09507,g2
095,09508,g2
095,09509,g3
096,09601,g3
096,09602,g4
096,09603,g4
096,09604,g3
096,09605,g4
096,09606,g4
096,09607,g3
096,09608,g4
096,09609,g4
097,09701,g5
097,09702,g5
097,09703,g6
097,09704,g5
097,09705,g5
097,09706,g6
097,09707,g5
097,09708,g5
097,09709,g6
098,09801,g6
098,09802,g7
098,09803,g7
098,09804,g6
098,09805,g7
098,09806,g7
098,09807,g6
098,09808,g7
098,09809,g7
099,09901,g8
099,09902,g8
099,09903,g9
099,09904,g8
099,09905,g8
099,09906,g9
099,09907,g8
099,09908,g8
099,09909,g9
100,10001,g9
100,10002,g10
100,10003,g10
100,10004,g9
100,10005,g10
100,10006,g10
100,10007,g9
100,10008,g10
100,10009,g10
101,10101,g11
101,10102,g11
101,10103,g12
101,10104,g11
101,10105,g11
101,10106,g12
101,10107,g11
101,10108,g11
101,10109,g12
102,10201,g12
102,10202,g13
102,10203,g13
102,10204,g12
102,10205,g13
102,10206,g13
102,10207,g12
102,10208,g13
102,10209,g13
103,10301,g14
103,10302,g14
103,10303,g15
103,10304,g14
103,10305,g14
103,10306,g15
103,10307,g14
103,10308,g14
103,10309,g15
104,10401,g2
104,10402,g2
104,10403,g3
104,10404,k2
104,10405,k2
104,10406,k3
104,10407,k2
104,10408,k2
104,10409,k3
105,10501,g3
105,10502,g4
105,10503,g4
105,10504,k3
105,10505,k4
105,10506,k4
105,10507,k3
105,10508,k4
105,10509,k4
106,10601,g5
106,10602,g5
106,10603,g6
106,10604,k5
106,10605,k5
106,10606,k6
106,10607,k5
106,10608,k5
106,10609,k6
107,10701,g6
107,10702,g7
107,10703,g7
107,10704,k6
107,10705,k7
107,10706,k7
107,10707,k6
107,10708,k7
107,10709,k7
108,10801,g8
108,10802,g8
108,10803,g9
108,10804,k8
108,10805,k8
108,10806,k9
108,10807,k8
108,10808,k8
108,10809,k9
109,10901,g9
109,10902,g10
109,10903,g10
109,10904,k9
109,10905,k10
109,10906,k10
109,10907,k9
109,10908,k10
109,10909,k10
110,11001,g11
110,11002,g11
110,11003,g12
110,11004,k11
110,11005,k11
110,11006,k12
110,11007,k11
110,11008,k11
110,11009,k12
111,11101,g12
111,11102,g13
111,11103,g13
111,11104,k12
111,11105,k13
111,11106,k13
111,11107,k12
111,11108,k13
111,11109,k13
112,11201,g14
112,11202,g14
112,11203,g15
112,11204,k14
112,11205,k14
112,11206,k15
112,11207,k14
112,11208,k14
112,11209,k15
113,11301,k2
113,11302,k2
113,11303,k3
113,11304,k2
113,11305,k2
113,11306,k3
113,11307,l2
113,11308,l2
113,11309,l3
114,11401,k3
114,11402,k4
114,11403,k4
114,11404,k3
114,11405,k4
114,11406,k4
114,11407,l3
114,11408,l4
114,11409,l4
115,11501,k5
115,11502,k5
115,11503,k6
115,11504,k5
115,11505,k5
115,11506,k6
115,11507,l5
115,11508,l5
115,11509,l6
116,11601,k6
116,11602,k7
116,11603,k7
116,11604,k6
116,11605,k7
116,11606,k7
116,11607,l6
116,11608,l7
116,11609,l7
117,11701,k8
117,11702,k8
117,11703,k9
117,11704,k8
117,11705,k8
117,11706,k9
117,11707,l8
117,11708,l8
117,11709,l9
118,11801,k9
118,11802,k10
118,11803,k10
118,11804,k9
118,11805,k10
118,11806,k10
118,11807,l9
118,11808,l10
118,11809,l10
119,11901,k11
119,11902,k11
119,11903,k12
119,11904,k11
119,11905,k11
119,11906,k12
119,11907,l11
119,11908,l11
119,11909,l12
120,12001,k12
120,12002,k13
120,12003,k13
120,12004,k12
120,12005,k13
120,12006,k13
120,12007,l12
120,12008,l13
120,12009,l13
121,12101,k14
121,12102,k14
121,12103,k15
121,12104,k14
121,12105,k14
121,12106,k15
121,12107,l14
121,12108,l14
121,12109,l15
122,12201,l2
122,12202,l2
122,12203,l3
122,12204,l2
122,12205,l2
122,12206,l3
122,12207,l2
122,12208,l2
122,12209,l3
123,12301,l3
123,12302,l4
123,12303,l4
123,12304,l3
123,12305,l4
123,12306,l4
123,12307,l3
123,12308,l4
123,12309,l4
124,12401,l5
124,12402,l5
124,12403,l6
124,12404,l5
124,12405,l5
124,12406,l6
124,12407,l5
124,12408,l5
124,12409,l6
125,12501,l6
125,12502,l7
125,12503,l7
125,12504,l6
125,12505,l7
125,12506,l7
125,12507,l6
125,12508,l7
125,12509,l7
126,12601,l8
126,12602,l8
126,12603,l9
126,12604,l8
126,12605,l8
126,12606,l9
126,12607,l8
126,12608,l8
126,12609,l9
127,12701,l9
127,12702,l10
127,12703,l10
127,12704,l9
127,12705,l10
127,12706,l10
127,12707,l9
127,12708,l10
127,12709,l10
128,12801,l11
128,12802,l11
128,12803,l12
128,12804,l11
128,12805,l11
128,12806,l12
128,12807,l11
128,12808,l11
128,12809,l12
129,12901,l12
129,12902,l13
129,12903,l13
129,12904,l12
129,12905,l13
129,12906,l13
129,12907,l12
129,12908,l13
129,12909,l13
130,13001,l14
130,13002,l14
130,13003,l15
130,13004,l14
130,13005,l14
130,13006,l15
130,13007,l14
130,13008,l14
130,13009,l15
131,13101,m2
131,13102,m2
131,13103,m3
131,13104,m2
131,13105,m2
131,13106,m3
131,13107,m2
131,13108,m2
131,13109,m3
132,13201,m3
132,13202,m4
132,13203,m4
132,13204,m3
132,13205,m4
132,13206,m4
132,13207,m3
132,13208,m4
132,13209,m4
133,13301,m5
133,13302,m5
133,13303,m6
133,13304,m5
133,13305,m5
133,13306,m6
133,13307,m5
133,13308,m5
133,13309,m6
134,13401,m6
134,13402,m7
134,13403,m7
134,13404,m6
134,13405,m7
134,13406,m7
134,13407,m6
134,13408,m7
134,13409,m7
135,13501,m8
135,13502,m8
135,13503,m9
135,13504,m8
135,13505,m8
135,13506,m9
135,13507,m8
135,13508,m8
135,13509,m9
136,13601,m9
136,13602,m10
136,13603,m10
136,13604,m9
136,13605,m10
136,13606,m10
136,13607,m9
136,13608,m10
136,13609,m10
137,13701,m11
137,13702,m11
137,13703,m12
137,13704,m11
137,13705,m11
137,13706,m12
137,13707,m11
137,13708,m11
137,13709,m12
138,13801,m12
138,13802,m13
138,13803,m13
138,13804,m12
138,13805,m13
138,13806,m13
138,13807,m12
138,13808,m13
138,13809,m13
139,13901,m14
139,13902,m14
139,13903,m15
139,13904,m14
139,13905,m14
139,13906,m15
139,13907,m14
139,13908,m14
139,13909,m15
140,14001,m2
140,14002,m2
140,14003,m3
140,14004,n2
140,14005,n2
140,14006,n3
140,14007,n2
140,14008,n2
140,14009,n3
141,14101,m3
141,14102,m4
141,14103,m4
141,14104,n3
141,14105,n4
141,14106,n4
141,14107,n3
141,14108,n4
141,14109,n4
142,14201,m5
142,14202,m5
142,14203,m6
142,14204,n5
142,14205,n5
142,14206,n6
142,14207,n5
142,14208,n5
142,14209,n6
143,14301,m6
143,14302,m7
143,14303,m7
143,14304,n6
143,14305,n7
143,14306,n7
143,14307,n6
143,14308,n7
143,14309,n7
144,14401,m8
144,14402,m8
144,14403,m9
144,14404,n8
144,14405,n8
144,14406,n9
144,14407,n8
144,14408,n8
144,14409,n9
145,14501,m9
145,14502,m10
145,14503,m10
145,14504,n9
145,14505,n10
145,14506,n10
145,14507,n9
145,14508,n10
145,14509,n10
146,14601,m11
146,14602,m11
146,14603,m12
146,14604,n11
146,14605,n11
146,14606,n12
146,14607,n11
146,14608,n11
146,14609,n12
147,14701,m12
147,14702,m13
147,14703,m13
147,14704,n12
147,14705,n13
147,14706,n13
147,14707,n12
147,14708,n13
147,14709,n13
148,14801,m14
148,14802,m14
148,14803,m15
148,14804,n14
148,14805,n14
148,14806,n15
148,14807,n14
148,14808,n14
148,14809,n15
149,14901,n2
149,14902,n2
149,14903,n3
149,14904,n2
149,14905,n2
149,14906,n3
149,14907,o2
149,14908,o2
149,14909,o3
150,15001,n3
150,15002,n4
150,15003,n4
150,15004,n3
150,15005,n4
150,15006,n4
150,15007,o3
150,15008,o4
150,15009,o4
151,15101,n5
151,15102,n5
151,15103,n6
151,15104,n5
151,15105,n5
151,15106,n6
151,15107,o5
151,15108,o5
151,15109,o6
152,15201,n6
152,15202,n7
152,15203,n7
152,15204,n6
152,15205,n7
152,15206,n7
152,15207,o6
152,15208,o7
152,15209,o7
153,15301,n8
153,15302,n8
153,15303,n9
153,15304,n8
153,15305,n8
153,15306,n9
153,15307,o8
153,15308,o8
153,15309,o9
154,15401,n9
154,15402,n10
154,15403,n10
154,15404,n9
154,15405,n10
154,15406,n10
154,15407,o9
154,15408,o10
154,15409,o10
155,15501,n11
155,15502,n11
155,15503,n12
155,15504,n11
155,15505,n11
155,15506,n12
155,15507,o11
155,15508,o11
155,15509,o12
156,15601,n12
156,15602,n13
156,15603,n13
156,15604,n12
156,15605,n13
156,15606,n13
156,15607,o12
156,15608,o13
156,15609,o13
157,15701,o1
157,15702,o1
157,15703,o2
157,15704,o1
157,15705,o1
157,15706,o2
157,15707,o1
157,15708,o1
157,15709,o2
158,15801,o2
158,15802,o3
158,15803,o3
158,15804,o2
158,15805,o3
158,15806,o3
158,15807,o2
158,15808,o3
158,15809,o3
159,15901,o4
159,15902,o4
159,15903,o5
159,15904,o4
159,15905,o4
159,15906,o5
159,15907,o4
159,15908,o4
159,15909,o5
160,16001,o5
160,16002,o6
160,16003,o6
160,16004,o5
160,16005,o6
160,16006,o6
160,16007,o5
160,16008,o6
160,16009,o6
161,16101,o7
161,16102,o7
161,16103,o8
161,16104,o7
161,16105,o7
161,16106,o8
161,16107,o7
161,16108,o7
161,16109,o8
162,16201,o8
162,16202,o9
162,16203,o9
162,16204,o8
162,16205,o9
162,16206,o9
162,16207,o8
162,16208,o9
162,16209,o9
163,16301,o10
163,16302,o10
163,16303,o11
163,16304,o10
163,16305,o10
163,16306,o11
163,16307,o10
163,16308,o10
163,16309,o11
164,16401,o11
164,16402,o12
164,16403,o12
164,16404,o11
164,16405,o12
164,16406,o12
164,16407,o11
164,16408,o12
164,16409,o12
165,16501,p1
165,16502,p1
165,16503,p2
165,16504,p1
165,16505,p1
165,16506,p2
165,16507,p1
165,16508,p1
165,16509,p2
166,16601,p2
166,16602,p3
166,16603,p3
166,16604,p2
166,16605,p3
166,16606,p3
166,16607,p2
166,16608,p3
166,16609,p3
167,16701,p4
167,16702,p4
167,16703,p5
167,16704,p4
167,16705,p4
167,16706,p5
167,16707,p4
167,16708,p4
167,16709,p5
168,16801,p5
168,16802,p6
168,16803,p6
168,16804,p5
168,16805,p6
168,16806,p6
168,16807,p5
168,16808,p6
168,16809,p6
169,16901,p7
169,16902,p7
169,16903,p8
169,16904,p7
169,16905,p7
169,16906,p8
169,16907,p7
169,16908,p7
169,16909,p8
170,17001,p8
170,17002,p9
170,17003,p9
170,17004,p8
170,17005,p9
170,17006,p9
170,17007,p8
170,17008,p9
170,17009,p9
171,17101,p10
171,17102,p10
171,17103,p11
171,17104,p10
171,17105,p10
171,17106,p11
171,17107,p10
171,17108,p10
171,17109,p11
172,17201,p1
172,17202,p1
172,17203,p2
172,17204,q1
172,17205,q1
172,17206,q2
172,17207,q1
172,17208,q1
172,17209,q2
173,17301,p2
173,17302,p3
173,17303,p3
173,17304,q2
173,17305,q3
173,17306,q3
173,17307,q2
173,17308,q3
173,17309,q3
174,17401,p4
174,17402,p4
174,17403,p5
174,17404,q4
174,17405,q4
174,17406,q5
174,17407,q4
174,17408,q4
174,17409,q5
175,17501,p5
175,17502,p6
175,17503,p6
175,17504,q5
175,17505,q6
175,17506,q6
175,17507,q5
175,17508,q6
175,17509,q6
176,17601,p7
176,17602,p7
176,17603,p8
176,17604,q7
176,17605,q7
176,17606,q8
176,17607,q7
176,17608,q7
176,17609,q8
177,17701,p8
177,17702,p9
177,17703,p9
177,17704,q8
177,17705,q9
177,17706,q9
177,17707,q8
177,17708,q9
177,17709,q9
178,17801,p10
178,17802,p10
178,17803,p11
178,17804,q10
178,17805,q10
178,17806,q11
178,17807,q10
178,17808,q10
178,17809,q11
179,17901,q1
179,17902,q1
179,17903,q2
179,17904,q1
179,17905,q1
179,17906,q2
179,17907,r1
179,17908,r1
179,17909,r2
180,18001,q2
180,18002,q3
180,18003,q3
180,18004,q2
180,18005,q3
180,18006,q3
180,18007,r2
180,18008,r3
180,18009,r3
181,18101,q4
181,18102,q4
181,18103,q5
181,18104,q4
181,18105,q4
181,18106,q5
181,18107,r4
181,18108,r4
181,18109,r5
182,18201,q5
182,18202,q6
182,18203,q6
182,18204,q5
182,18205,q6
182,18206,q6
182,18207,r5
182,18208,r6
182,18209,r6
183,18301,q7
183,18302,q7
183,18303,q8
183,18304,q7
183,18305,q7
183,18306,q8
183,18307,r7
183,18308,r7
183,18309,r8
184,18401,q8
184,18402,q9
184,18403,q9
184,18404,q8
184,18405,q9
184,18406,q9
184,18407,r8
184,18408,r9
184,18409,r9
185,18501,r1
185,18502,r1
185,18503,r2
185,18504,r1
185,18505,r1
185,18506,r2
185,18507,r1
185,18508,r1
185,18509,r2
186,18601,r2
186,18602,r3
186,18603,r3
186,18604,r2
186,18605,r3
186,18606,r3
186,18607,r2
186,18608,r3
186,18609,r3
187,18701,r4
187,18702,r4
187,18703,r5
187,18704,r4
187,18705,r4
187,18706,r5
187,18707,r4
187,18708,r4
187,18709,r5
188,18801,r5
188,18802,r6
188,18803,r6
188,18804,r5
188,18805,r6
188,18806,r6
188,18807,r5
188,18808,r6
188,18809,r6





























































































































































































































































































































































































































































































































































































































































































































































































































































































































































































































































































































































































































































































































































































































































































































































































































































































































































