Supermodule_ID,PMT_ID,Sums8_ID,Sums8_ID_L0,S8row,S8col
001,001_1,a1,a01,a,01
001,001_2,a1,a01,a,01
001,001_3,a2,a02,a,02
001,001_4,a1,a01,a,01
001,001_5,a1,a01,a,01
001,001_6,a2,a02,a,02
001,001_7,a1,a01,a,01
001,001_8,a1,a01,a,01
001,001_9,a2,a02,a,02
002,002_1,a2,a02,a,02
002,002_2,a3,a03,a,03
002,002_3,a3,a03,a,03
002,002_4,a2,a02,a,02
002,002_5,a3,a03,a,03
002,002_6,a3,a03,a,03
002,002_7,a2,a02,a,02
002,002_8,a3,a03,a,03
002,002_9,a3,a03,a,03
003,003_1,a4,a04,a,04
003,003_2,a4,a04,a,04
003,003_3,a5,a05,a,05
003,003_4,a4,a04,a,04
003,003_5,a4,a04,a,04
003,003_6,a5,a05,a,05
003,003_7,a4,a04,a,04
003,003_8,a4,a04,a,04
003,003_9,a5,a05,a,05
004,004_1,a5,a05,a,05
004,004_2,a6,a06,a,06
004,004_3,a6,a06,a,06
004,004_4,a5,a05,a,05
004,004_5,a6,a06,a,06
004,004_6,a6,a06,a,06
004,004_7,a5,a05,a,05
004,004_8,a6,a06,a,06
004,004_9,a6,a06,a,06
005,005_1,a1,a01,a,01
005,005_2,a1,a01,a,01
005,005_3,a2,a02,a,02
005,005_4,b1,b01,b,01
005,005_5,b1,b01,b,01
005,005_6,b2,b02,b,02
005,005_7,b1,b01,b,01
005,005_8,b1,b01,b,01
005,005_9,b2,b02,b,02
006,006_1,a2,a02,a,02
006,006_2,a3,a03,a,03
006,006_3,a3,a03,a,03
006,006_4,b2,b02,b,02
006,006_5,b3,b03,b,03
006,006_6,b3,b03,b,03
006,006_7,b2,b02,b,02
006,006_8,b3,b03,b,03
006,006_9,b3,b03,b,03
007,007_1,a4,a04,a,04
007,007_2,a4,a04,a,04
007,007_3,a5,a05,a,05
007,007_4,b4,b04,b,04
007,007_5,b4,b04,b,04
007,007_6,b5,b05,b,05
007,007_7,b4,b04,b,04
007,007_8,b4,b04,b,04
007,007_9,b5,b05,b,05
008,008_1,a5,a05,a,05
008,008_2,a6,a06,a,06
008,008_3,a6,a06,a,06
008,008_4,b5,b05,b,05
008,008_5,b6,b06,b,06
008,008_6,b6,b06,b,06
008,008_7,b5,b05,b,05
008,008_8,b6,b06,b,06
008,008_9,b6,b06,b,06
009,009_1,a7,a07,a,07
009,009_2,a7,a07,a,07
009,009_3,a8,a08,a,08
009,009_4,b7,b07,b,07
009,009_5,b7,b07,b,07
009,009_6,b8,b08,b,08
009,009_7,b7,b07,b,07
009,009_8,b7,b07,b,07
009,009_9,b8,b08,b,08
010,010_1,a8,a08,a,08
010,010_2,a9,a09,a,09
010,010_3,a9,a09,a,09
010,010_4,b8,b08,b,08
010,010_5,b9,b09,b,09
010,010_6,b9,b09,b,09
010,010_7,b8,b08,b,08
010,010_8,b9,b09,b,09
010,010_9,b9,b09,b,09
011,011_1,b1,b01,b,01
011,011_2,b1,b01,b,01
011,011_3,b2,b02,b,02
011,011_4,b1,b01,b,01
011,011_5,b1,b01,b,01
011,011_6,b2,b02,b,02
011,011_7,c1,c01,c,01
011,011_8,c1,c01,c,01
011,011_9,c2,c02,c,02
012,012_1,b2,b02,b,02
012,012_2,b3,b03,b,03
012,012_3,b3,b03,b,03
012,012_4,b2,b02,b,02
012,012_5,b3,b03,b,03
012,012_6,b3,b03,b,03
012,012_7,c2,c02,c,02
012,012_8,c3,c03,c,03
012,012_9,c3,c03,c,03
013,013_1,b4,b04,b,04
013,013_2,b4,b04,b,04
013,013_3,b5,b05,b,05
013,013_4,b4,b04,b,04
013,013_5,b4,b04,b,04
013,013_6,b5,b05,b,05
013,013_7,c4,c04,c,04
013,013_8,c4,c04,c,04
013,013_9,c5,c05,c,05
014,014_1,b5,b05,b,05
014,014_2,b6,b06,b,06
014,014_3,b6,b06,b,06
014,014_4,b5,b05,b,05
014,014_5,b6,b06,b,06
014,014_6,b6,b06,b,06
014,014_7,c5,c05,c,05
014,014_8,c6,c06,c,06
014,014_9,c6,c06,c,06
015,015_1,b7,b07,b,07
015,015_2,b7,b07,b,07
015,015_3,b8,b08,b,08
015,015_4,b7,b07,b,07
015,015_5,b7,b07,b,07
015,015_6,b8,b08,b,08
015,015_7,c7,c07,c,07
015,015_8,c7,c07,c,07
015,015_9,c8,c08,c,08
016,016_1,b8,b08,b,08
016,016_2,b9,b09,b,09
016,016_3,b9,b09,b,09
016,016_4,b8,b08,b,08
016,016_5,b9,b09,b,09
016,016_6,b9,b09,b,09
016,016_7,c8,c08,c,08
016,016_8,c9,c09,c,09
016,016_9,c9,c09,c,09
017,017_1,b10,b10,b,10
017,017_2,b10,b10,b,10
017,017_3,b11,b11,b,11
017,017_4,b10,b10,b,10
017,017_5,b10,b10,b,10
017,017_6,b11,b11,b,11
017,017_7,c10,c10,c,10
017,017_8,c10,c10,c,10
017,017_9,c11,c11,c,11
018,018_1,c1,c01,c,01
018,018_2,c1,c01,c,01
018,018_3,c2,c02,c,02
018,018_4,c1,c01,c,01
018,018_5,c1,c01,c,01
018,018_6,c2,c02,c,02
018,018_7,c1,c01,c,01
018,018_8,c1,c01,c,01
018,018_9,c2,c02,c,02
019,019_1,c2,c02,c,02
019,019_2,c3,c03,c,03
019,019_3,c3,c03,c,03
019,019_4,c2,c02,c,02
019,019_5,c3,c03,c,03
019,019_6,c3,c03,c,03
019,019_7,c2,c02,c,02
019,019_8,c3,c03,c,03
019,019_9,c3,c03,c,03
020,020_1,c4,c04,c,04
020,020_2,c4,c04,c,04
020,020_3,c5,c05,c,05
020,020_4,c4,c04,c,04
020,020_5,c4,c04,c,04
020,020_6,c5,c05,c,05
020,020_7,c4,c04,c,04
020,020_8,c4,c04,c,04
020,020_9,c5,c05,c,05
021,021_1,c5,c05,c,05
021,021_2,c6,c06,c,06
021,021_3,c6,c06,c,06
021,021_4,c5,c05,c,05
021,021_5,c6,c06,c,06
021,021_6,c6,c06,c,06
021,021_7,c5,c05,c,05
021,021_8,c6,c06,c,06
021,021_9,c6,c06,c,06
022,022_1,c7,c07,c,07
022,022_2,c7,c07,c,07
022,022_3,c8,c08,c,08
022,022_4,c7,c07,c,07
022,022_5,c7,c07,c,07
022,022_6,c8,c08,c,08
022,022_7,c7,c07,c,07
022,022_8,c7,c07,c,07
022,022_9,c8,c08,c,08
023,023_1,c8,c08,c,08
023,023_2,c9,c09,c,09
023,023_3,c9,c09,c,09
023,023_4,c8,c08,c,08
023,023_5,c9,c09,c,09
023,023_6,c9,c09,c,09
023,023_7,c8,c08,c,08
023,023_8,c9,c09,c,09
023,023_9,c9,c09,c,09
024,024_1,c10,c10,c,10
024,024_2,c10,c10,c,10
024,024_3,c11,c11,c,11
024,024_4,c10,c10,c,10
024,024_5,c10,c10,c,10
024,024_6,c11,c11,c,11
024,024_7,c10,c10,c,10
024,024_8,c10,c10,c,10
024,024_9,c11,c11,c,11
025,025_1,d1,d01,d,01
025,025_2,d1,d01,d,01
025,025_3,d2,d02,d,02
025,025_4,d1,d01,d,01
025,025_5,d1,d01,d,01
025,025_6,d2,d02,d,02
025,025_7,d1,d01,d,01
025,025_8,d1,d01,d,01
025,025_9,d2,d02,d,02
026,026_1,d2,d02,d,02
026,026_2,d3,d03,d,03
026,026_3,d3,d03,d,03
026,026_4,d2,d02,d,02
026,026_5,d3,d03,d,03
026,026_6,d3,d03,d,03
026,026_7,d2,d02,d,02
026,026_8,d3,d03,d,03
026,026_9,d3,d03,d,03
027,027_1,d4,d04,d,04
027,027_2,d4,d04,d,04
027,027_3,d5,d05,d,05
027,027_4,d4,d04,d,04
027,027_5,d4,d04,d,04
027,027_6,d5,d05,d,05
027,027_7,d4,d04,d,04
027,027_8,d4,d04,d,04
027,027_9,d5,d05,d,05
028,028_1,d5,d05,d,05
028,028_2,d6,d06,d,06
028,028_3,d6,d06,d,06
028,028_4,d5,d05,d,05
028,028_5,d6,d06,d,06
028,028_6,d6,d06,d,06
028,028_7,d5,d05,d,05
028,028_8,d6,d06,d,06
028,028_9,d6,d06,d,06
029,029_1,d7,d07,d,07
029,029_2,d7,d07,d,07
029,029_3,d8,d08,d,08
029,029_4,d7,d07,d,07
029,029_5,d7,d07,d,07
029,029_6,d8,d08,d,08
029,029_7,d7,d07,d,07
029,029_8,d7,d07,d,07
029,029_9,d8,d08,d,08
030,030_1,d8,d08,d,08
030,030_2,d9,d09,d,09
030,030_3,d9,d09,d,09
030,030_4,d8,d08,d,08
030,030_5,d9,d09,d,09
030,030_6,d9,d09,d,09
030,030_7,d8,d08,d,08
030,030_8,d9,d09,d,09
030,030_9,d9,d09,d,09
031,031_1,d10,d10,d,10
031,031_2,d10,d10,d,10
031,031_3,d11,d11,d,11
031,031_4,d10,d10,d,10
031,031_5,d10,d10,d,10
031,031_6,d11,d11,d,11
031,031_7,d10,d10,d,10
031,031_8,d10,d10,d,10
031,031_9,d11,d11,d,11
032,032_1,d11,d11,d,11
032,032_2,d12,d12,d,12
032,032_3,d12,d12,d,12
032,032_4,d11,d11,d,11
032,032_5,d12,d12,d,12
032,032_6,d12,d12,d,12
032,032_7,d11,d11,d,11
032,032_8,d12,d12,d,12
032,032_9,d12,d12,d,12
033,033_1,d2,d02,d,02
033,033_2,d2,d02,d,02
033,033_3,d3,d03,d,03
033,033_4,e2,e02,e,02
033,033_5,e2,e02,e,02
033,033_6,e3,e03,e,03
033,033_7,e2,e02,e,02
033,033_8,e2,e02,e,02
033,033_9,e3,e03,e,03
034,034_1,d3,d03,d,03
034,034_2,d4,d04,d,04
034,034_3,d4,d04,d,04
034,034_4,e3,e03,e,03
034,034_5,e4,e04,e,04
034,034_6,e4,e04,e,04
034,034_7,e3,e03,e,03
034,034_8,e4,e04,e,04
034,034_9,e4,e04,e,04
035,035_1,d5,d05,d,05
035,035_2,d5,d05,d,05
035,035_3,d6,d06,d,06
035,035_4,e5,e05,e,05
035,035_5,e5,e05,e,05
035,035_6,e6,e06,e,06
035,035_7,e5,e05,e,05
035,035_8,e5,e05,e,05
035,035_9,e6,e06,e,06
036,036_1,d6,d06,d,06
036,036_2,d7,d07,d,07
036,036_3,d7,d07,d,07
036,036_4,e6,e06,e,06
036,036_5,e7,e07,e,07
036,036_6,e7,e07,e,07
036,036_7,e6,e06,e,06
036,036_8,e7,e07,e,07
036,036_9,e7,e07,e,07
037,037_1,d8,d08,d,08
037,037_2,d8,d08,d,08
037,037_3,d9,d09,d,09
037,037_4,e8,e08,e,08
037,037_5,e8,e08,e,08
037,037_6,e9,e09,e,09
037,037_7,e8,e08,e,08
037,037_8,e8,e08,e,08
037,037_9,e9,e09,e,09
038,038_1,d9,d09,d,09
038,038_2,d10,d10,d,10
038,038_3,d10,d10,d,10
038,038_4,e9,e09,e,09
038,038_5,e10,e10,e,10
038,038_6,e10,e10,e,10
038,038_7,e9,e09,e,09
038,038_8,e10,e10,e,10
038,038_9,e10,e10,e,10
039,039_1,d11,d11,d,11
039,039_2,d11,d11,d,11
039,039_3,d12,d12,d,12
039,039_4,e11,e11,e,11
039,039_5,e11,e11,e,11
039,039_6,e12,e12,e,12
039,039_7,e11,e11,e,11
039,039_8,e11,e11,e,11
039,039_9,e12,e12,e,12
040,040_1,d12,d12,d,12
040,040_2,d13,d13,d,13
040,040_3,d13,d13,d,13
040,040_4,e12,e12,e,12
040,040_5,e13,e13,e,13
040,040_6,e13,e13,e,13
040,040_7,e12,e12,e,12
040,040_8,e13,e13,e,13
040,040_9,e13,e13,e,13
041,041_1,e2,e02,e,02
041,041_2,e2,e02,e,02
041,041_3,e3,e03,e,03
041,041_4,e2,e02,e,02
041,041_5,e2,e02,e,02
041,041_6,e3,e03,e,03
041,041_7,f2,f02,f,02
041,041_8,f2,f02,f,02
041,041_9,f3,f03,f,03
042,042_1,e3,e03,e,03
042,042_2,e4,e04,e,04
042,042_3,e4,e04,e,04
042,042_4,e3,e03,e,03
042,042_5,e4,e04,e,04
042,042_6,e4,e04,e,04
042,042_7,f3,f03,f,03
042,042_8,f4,f04,f,04
042,042_9,f4,f04,f,04
043,043_1,e5,e05,e,05
043,043_2,e5,e05,e,05
043,043_3,e6,e06,e,06
043,043_4,e5,e05,e,05
043,043_5,e5,e05,e,05
043,043_6,e6,e06,e,06
043,043_7,f5,f05,f,05
043,043_8,f5,f05,f,05
043,043_9,f6,f06,f,06
044,044_1,e6,e06,e,06
044,044_2,e7,e07,e,07
044,044_3,e7,e07,e,07
044,044_4,e6,e06,e,06
044,044_5,e7,e07,e,07
044,044_6,e7,e07,e,07
044,044_7,f6,f06,f,06
044,044_8,f7,f07,f,07
044,044_9,f7,f07,f,07
045,045_1,e8,e08,e,08
045,045_2,e8,e08,e,08
045,045_3,e9,e09,e,09
045,045_4,e8,e08,e,08
045,045_5,e8,e08,e,08
045,045_6,e9,e09,e,09
045,045_7,f8,f08,f,08
045,045_8,f8,f08,f,08
045,045_9,f9,f09,f,09
046,046_1,e9,e09,e,09
046,046_2,e10,e10,e,10
046,046_3,e10,e10,e,10
046,046_4,e9,e09,e,09
046,046_5,e10,e10,e,10
046,046_6,e10,e10,e,10
046,046_7,f9,f09,f,09
046,046_8,f10,f10,f,10
046,046_9,f10,f10,f,10
047,047_1,e11,e11,e,11
047,047_2,e11,e11,e,11
047,047_3,e12,e12,e,12
047,047_4,e11,e11,e,11
047,047_5,e11,e11,e,11
047,047_6,e12,e12,e,12
047,047_7,f11,f11,f,11
047,047_8,f11,f11,f,11
047,047_9,f12,f12,f,12
048,048_1,e12,e12,e,12
048,048_2,e13,e13,e,13
048,048_3,e13,e13,e,13
048,048_4,e12,e12,e,12
048,048_5,e13,e13,e,13
048,048_6,e13,e13,e,13
048,048_7,f12,f12,f,12
048,048_8,f13,f13,f,13
048,048_9,f13,f13,f,13
049,049_1,e14,e14,e,14
049,049_2,e14,e14,e,14
049,049_3,e15,e15,e,15
049,049_4,e14,e14,e,14
049,049_5,e14,e14,e,14
049,049_6,e15,e15,e,15
049,049_7,f14,f14,f,14
049,049_8,f14,f14,f,14
049,049_9,f15,f15,f,15
050,050_1,f2,f02,f,02
050,050_2,f2,f02,f,02
050,050_3,f3,f03,f,03
050,050_4,f2,f02,f,02
050,050_5,f2,f02,f,02
050,050_6,f3,f03,f,03
050,050_7,f2,f02,f,02
050,050_8,f2,f02,f,02
050,050_9,f3,f03,f,03
051,051_1,f3,f03,f,03
051,051_2,f4,f04,f,04
051,051_3,f4,f04,f,04
051,051_4,f3,f03,f,03
051,051_5,f4,f04,f,04
051,051_6,f4,f04,f,04
051,051_7,f3,f03,f,03
051,051_8,f4,f04,f,04
051,051_9,f4,f04,f,04
052,052_1,f5,f05,f,05
052,052_2,f5,f05,f,05
052,052_3,f6,f06,f,06
052,052_4,f5,f05,f,05
052,052_5,f5,f05,f,05
052,052_6,f6,f06,f,06
052,052_7,f5,f05,f,05
052,052_8,f5,f05,f,05
052,052_9,f6,f06,f,06
053,053_1,f6,f06,f,06
053,053_2,f7,f07,f,07
053,053_3,f7,f07,f,07
053,053_4,f6,f06,f,06
053,053_5,f7,f07,f,07
053,053_6,f7,f07,f,07
053,053_7,f6,f06,f,06
053,053_8,f7,f07,f,07
053,053_9,f7,f07,f,07
054,054_1,f8,f08,f,08
054,054_2,f8,f08,f,08
054,054_3,f9,f09,f,09
054,054_4,f8,f08,f,08
054,054_5,f8,f08,f,08
054,054_6,f9,f09,f,09
054,054_7,f8,f08,f,08
054,054_8,f8,f08,f,08
054,054_9,f9,f09,f,09
055,055_1,f9,f09,f,09
055,055_2,f10,f10,f,10
055,055_3,f10,f10,f,10
055,055_4,f9,f09,f,09
055,055_5,f10,f10,f,10
055,055_6,f10,f10,f,10
055,055_7,f9,f09,f,09
055,055_8,f10,f10,f,10
055,055_9,f10,f10,f,10
056,056_1,f11,f11,f,11
056,056_2,f11,f11,f,11
056,056_3,f12,f12,f,12
056,056_4,f11,f11,f,11
056,056_5,f11,f11,f,11
056,056_6,f12,f12,f,12
056,056_7,f11,f11,f,11
056,056_8,f11,f11,f,11
056,056_9,f12,f12,f,12
057,057_1,f12,f12,f,12
057,057_2,f13,f13,f,13
057,057_3,f13,f13,f,13
057,057_4,f12,f12,f,12
057,057_5,f13,f13,f,13
057,057_6,f13,f13,f,13
057,057_7,f12,f12,f,12
057,057_8,f13,f13,f,13
057,057_9,f13,f13,f,13
058,058_1,f14,f14,f,14
058,058_2,f14,f14,f,14
058,058_3,f15,f15,f,15
058,058_4,f14,f14,f,14
058,058_5,f14,f14,f,14
058,058_6,f15,f15,f,15
058,058_7,f14,f14,f,14
058,058_8,f14,f14,f,14
058,058_9,f15,f15,f,15
059,059_1,g2,g02,g,02
059,059_2,g2,g02,g,02
059,059_3,g3,g03,g,03
059,059_4,g2,g02,g,02
059,059_5,g2,g02,g,02
059,059_6,g3,g03,g,03
059,059_7,g2,g02,g,02
059,059_8,g2,g02,g,02
059,059_9,g3,g03,g,03
060,060_1,g3,g03,g,03
060,060_2,g4,g04,g,04
060,060_3,g4,g04,g,04
060,060_4,g3,g03,g,03
060,060_5,g4,g04,g,04
060,060_6,g4,g04,g,04
060,060_7,g3,g03,g,03
060,060_8,g4,g04,g,04
060,060_9,g4,g04,g,04
061,061_1,g5,g05,g,05
061,061_2,g5,g05,g,05
061,061_3,g6,g06,g,06
061,061_4,g5,g05,g,05
061,061_5,g5,g05,g,05
061,061_6,g6,g06,g,06
061,061_7,g5,g05,g,05
061,061_8,g5,g05,g,05
061,061_9,g6,g06,g,06
062,062_1,g6,g06,g,06
062,062_2,g7,g07,g,07
062,062_3,g7,g07,g,07
062,062_4,g6,g06,g,06
062,062_5,g7,g07,g,07
062,062_6,g7,g07,g,07
062,062_7,g6,g06,g,06
062,062_8,g7,g07,g,07
062,062_9,g7,g07,g,07
063,063_1,g8,g08,g,08
063,063_2,g8,g08,g,08
063,063_3,g9,g09,g,09
063,063_4,g8,g08,g,08
063,063_5,g8,g08,g,08
063,063_6,g9,g09,g,09
063,063_7,g8,g08,g,08
063,063_8,g8,g08,g,08
063,063_9,g9,g09,g,09
064,064_1,g9,g09,g,09
064,064_2,g10,g10,g,10
064,064_3,g10,g10,g,10
064,064_4,g9,g09,g,09
064,064_5,g10,g10,g,10
064,064_6,g10,g10,g,10
064,064_7,g9,g09,g,09
064,064_8,g10,g10,g,10
064,064_9,g10,g10,g,10
065,065_1,g11,g11,g,11
065,065_2,g11,g11,g,11
065,065_3,g12,g12,g,12
065,065_4,g11,g11,g,11
065,065_5,g11,g11,g,11
065,065_6,g12,g12,g,12
065,065_7,g11,g11,g,11
065,065_8,g11,g11,g,11
065,065_9,g12,g12,g,12
066,066_1,g12,g12,g,12
066,066_2,g13,g13,g,13
066,066_3,g13,g13,g,13
066,066_4,g12,g12,g,12
066,066_5,g13,g13,g,13
066,066_6,g13,g13,g,13
066,066_7,g12,g12,g,12
066,066_8,g13,g13,g,13
066,066_9,g13,g13,g,13
067,067_1,g14,g14,g,14
067,067_2,g14,g14,g,14
067,067_3,g15,g15,g,15
067,067_4,g14,g14,g,14
067,067_5,g14,g14,g,14
067,067_6,g15,g15,g,15
067,067_7,g14,g14,g,14
067,067_8,g14,g14,g,14
067,067_9,g15,g15,g,15
068,068_1,g2,g02,g,02
068,068_2,g2,g02,g,02
068,068_3,g3,g03,g,03
068,068_4,h2,h02,h,02
068,068_5,h2,h02,h,02
068,068_6,h3,h03,h,03
068,068_7,h2,h02,h,02
068,068_8,h2,h02,h,02
068,068_9,h3,h03,h,03
069,069_1,g3,g03,g,03
069,069_2,g4,g04,g,04
069,069_3,g4,g04,g,04
069,069_4,h3,h03,h,03
069,069_5,h4,h04,h,04
069,069_6,h4,h04,h,04
069,069_7,h3,h03,h,03
069,069_8,h4,h04,h,04
069,069_9,h4,h04,h,04
070,070_1,g5,g05,g,05
070,070_2,g5,g05,g,05
070,070_3,g6,g06,g,06
070,070_4,h5,h05,h,05
070,070_5,h5,h05,h,05
070,070_6,h6,h06,h,06
070,070_7,h5,h05,h,05
070,070_8,h5,h05,h,05
070,070_9,h6,h06,h,06
071,071_1,g6,g06,g,06
071,071_2,g7,g07,g,07
071,071_3,g7,g07,g,07
071,071_4,h6,h06,h,06
071,071_5,h7,h07,h,07
071,071_6,h7,h07,h,07
071,071_7,h6,h06,h,06
071,071_8,h7,h07,h,07
071,071_9,h7,h07,h,07
072,072_1,g8,g08,g,08
072,072_2,g8,g08,g,08
072,072_3,g9,g09,g,09
072,072_4,h8,h08,h,08
072,072_5,h8,h08,h,08
072,072_6,h9,h09,h,09
072,072_7,h8,h08,h,08
072,072_8,h8,h08,h,08
072,072_9,h9,h09,h,09
073,073_1,g9,g09,g,09
073,073_2,g10,g10,g,10
073,073_3,g10,g10,g,10
073,073_4,h9,h09,h,09
073,073_5,h10,h10,h,10
073,073_6,h10,h10,h,10
073,073_7,h9,h09,h,09
073,073_8,h10,h10,h,10
073,073_9,h10,h10,h,10
074,074_1,g11,g11,g,11
074,074_2,g11,g11,g,11
074,074_3,g12,g12,g,12
074,074_4,h11,h11,h,11
074,074_5,h11,h11,h,11
074,074_6,h12,h12,h,12
074,074_7,h11,h11,h,11
074,074_8,h11,h11,h,11
074,074_9,h12,h12,h,12
075,075_1,g12,g12,g,12
075,075_2,g13,g13,g,13
075,075_3,g13,g13,g,13
075,075_4,h12,h12,h,12
075,075_5,h13,h13,h,13
075,075_6,h13,h13,h,13
075,075_7,h12,h12,h,12
075,075_8,h13,h13,h,13
075,075_9,h13,h13,h,13
076,076_1,g14,g14,g,14
076,076_2,g14,g14,g,14
076,076_3,g15,g15,g,15
076,076_4,h14,h14,h,14
076,076_5,h14,h14,h,14
076,076_6,h15,h15,h,15
076,076_7,h14,h14,h,14
076,076_8,h14,h14,h,14
076,076_9,h15,h15,h,15
077,077_1,h2,h02,h,02
077,077_2,h2,h02,h,02
077,077_3,h3,h03,h,03
077,077_4,h2,h02,h,02
077,077_5,h2,h02,h,02
077,077_6,h3,h03,h,03
077,077_7,i2,i02,i,02
077,077_8,i2,i02,i,02
077,077_9,i3,i03,i,03
078,078_1,h3,h03,h,03
078,078_2,h4,h04,h,04
078,078_3,h4,h04,h,04
078,078_4,h3,h03,h,03
078,078_5,h4,h04,h,04
078,078_6,h4,h04,h,04
078,078_7,i3,i03,i,03
078,078_8,i4,i04,i,04
078,078_9,i4,i04,i,04
079,079_1,h5,h05,h,05
079,079_2,h5,h05,h,05
079,079_3,h6,h06,h,06
079,079_4,h5,h05,h,05
079,079_5,h5,h05,h,05
079,079_6,h6,h06,h,06
079,079_7,i5,i05,i,05
079,079_8,i5,i05,i,05
079,079_9,i6,i06,i,06
080,080_1,h6,h06,h,06
080,080_2,h7,h07,h,07
080,080_3,h7,h07,h,07
080,080_4,h6,h06,h,06
080,080_5,h7,h07,h,07
080,080_6,h7,h07,h,07
080,080_7,i6,i06,i,06
080,080_8,i7,i07,i,07
080,080_9,i7,i07,i,07
081,081_1,h8,h08,h,08
081,081_2,h8,h08,h,08
081,081_3,h9,h09,h,09
081,081_4,h8,h08,h,08
081,081_5,h8,h08,h,08
081,081_6,h9,h09,h,09
081,081_7,i8,i08,i,08
081,081_8,i8,i08,i,08
081,081_9,i9,i09,i,09
082,082_1,h9,h09,h,09
082,082_2,h10,h10,h,10
082,082_3,h10,h10,h,10
082,082_4,h9,h09,h,09
082,082_5,h10,h10,h,10
082,082_6,h10,h10,h,10
082,082_7,i9,i09,i,09
082,082_8,i10,i10,i,10
082,082_9,i10,i10,i,10
083,083_1,h11,h11,h,11
083,083_2,h11,h11,h,11
083,083_3,h12,h12,h,12
083,083_4,h11,h11,h,11
083,083_5,h11,h11,h,11
083,083_6,h12,h12,h,12
083,083_7,i11,i11,i,11
083,083_8,i11,i11,i,11
083,083_9,i12,i12,i,12
084,084_1,h12,h12,h,12
084,084_2,h13,h13,h,13
084,084_3,h13,h13,h,13
084,084_4,h12,h12,h,12
084,084_5,h13,h13,h,13
084,084_6,h13,h13,h,13
084,084_7,i12,i12,i,12
084,084_8,i13,i13,i,13
084,084_9,i13,i13,i,13
085,085_1,h14,h14,h,14
085,085_2,h14,h14,h,14
085,085_3,h15,h15,h,15
085,085_4,h14,h14,h,14
085,085_5,h14,h14,h,14
085,085_6,h15,h15,h,15
085,085_7,i14,i14,i,14
085,085_8,i14,i14,i,14
085,085_9,i15,i15,i,15
086,086_1,i2,i02,i,02
086,086_2,i2,i02,i,02
086,086_3,i3,i03,i,03
086,086_4,i2,i02,i,02
086,086_5,i2,i02,i,02
086,086_6,i3,i03,i,03
086,086_7,i2,i02,i,02
086,086_8,i2,i02,i,02
086,086_9,i3,i03,i,03
087,087_1,i3,i03,i,03
087,087_2,i4,i04,i,04
087,087_3,i4,i04,i,04
087,087_4,i3,i03,i,03
087,087_5,i4,i04,i,04
087,087_6,i4,i04,i,04
087,087_7,i3,i03,i,03
087,087_8,i4,i04,i,04
087,087_9,i4,i04,i,04
088,088_1,i5,i05,i,05
088,088_2,i5,i05,i,05
088,088_3,i6,i06,i,06
088,088_4,i5,i05,i,05
088,088_5,i5,i05,i,05
088,088_6,i6,i06,i,06
088,088_7,i5,i05,i,05
088,088_8,i5,i05,i,05
088,088_9,i6,i06,i,06
089,089_1,i6,i06,i,06
089,089_2,i7,i07,i,07
089,089_3,i7,i07,i,07
089,089_4,i6,i06,i,06
089,089_5,i7,i07,i,07
089,089_6,i7,i07,i,07
089,089_7,i6,i06,i,06
089,089_8,i7,i07,i,07
089,089_9,i7,i07,i,07
090,090_1,i8,i08,i,08
090,090_2,i8,i08,i,08
090,090_3,i9,i09,i,09
090,090_4,i8,i08,i,08
090,090_5,i8,i08,i,08
090,090_6,i9,i09,i,09
090,090_7,i8,i08,i,08
090,090_8,i8,i08,i,08
090,090_9,i9,i09,i,09
091,091_1,i9,i09,i,09
091,091_2,i10,i10,i,10
091,091_3,i10,i10,i,10
091,091_4,i9,i09,i,09
091,091_5,i10,i10,i,10
091,091_6,i10,i10,i,10
091,091_7,i9,i09,i,09
091,091_8,i10,i10,i,10
091,091_9,i10,i10,i,10
092,092_1,i11,i11,i,11
092,092_2,i11,i11,i,11
092,092_3,i12,i12,i,12
092,092_4,i11,i11,i,11
092,092_5,i11,i11,i,11
092,092_6,i12,i12,i,12
092,092_7,i11,i11,i,11
092,092_8,i11,i11,i,11
092,092_9,i12,i12,i,12
093,093_1,i12,i12,i,12
093,093_2,i13,i13,i,13
093,093_3,i13,i13,i,13
093,093_4,i12,i12,i,12
093,093_5,i13,i13,i,13
093,093_6,i13,i13,i,13
093,093_7,i12,i12,i,12
093,093_8,i13,i13,i,13
093,093_9,i13,i13,i,13
094,094_1,i14,i14,i,14
094,094_2,i14,i14,i,14
094,094_3,i15,i15,i,15
094,094_4,i14,i14,i,14
094,094_5,i14,i14,i,14
094,094_6,i15,i15,i,15
094,094_7,i14,i14,i,14
094,094_8,i14,i14,i,14
094,094_9,i15,i15,i,15
095,095_1,g2,g02,g,02
095,095_2,g2,g02,g,02
095,095_3,g3,g03,g,03
095,095_4,g2,g02,g,02
095,095_5,g2,g02,g,02
095,095_6,g3,g03,g,03
095,095_7,g2,g02,g,02
095,095_8,g2,g02,g,02
095,095_9,g3,g03,g,03
096,096_1,g3,g03,g,03
096,096_2,g4,g04,g,04
096,096_3,g4,g04,g,04
096,096_4,g3,g03,g,03
096,096_5,g4,g04,g,04
096,096_6,g4,g04,g,04
096,096_7,g3,g03,g,03
096,096_8,g4,g04,g,04
096,096_9,g4,g04,g,04
097,097_1,g5,g05,g,05
097,097_2,g5,g05,g,05
097,097_3,g6,g06,g,06
097,097_4,g5,g05,g,05
097,097_5,g5,g05,g,05
097,097_6,g6,g06,g,06
097,097_7,g5,g05,g,05
097,097_8,g5,g05,g,05
097,097_9,g6,g06,g,06
098,098_1,g6,g06,g,06
098,098_2,g7,g07,g,07
098,098_3,g7,g07,g,07
098,098_4,g6,g06,g,06
098,098_5,g7,g07,g,07
098,098_6,g7,g07,g,07
098,098_7,g6,g06,g,06
098,098_8,g7,g07,g,07
098,098_9,g7,g07,g,07
099,099_1,g8,g08,g,08
099,099_2,g8,g08,g,08
099,099_3,g9,g09,g,09
099,099_4,g8,g08,g,08
099,099_5,g8,g08,g,08
099,099_6,g9,g09,g,09
099,099_7,g8,g08,g,08
099,099_8,g8,g08,g,08
099,099_9,g9,g09,g,09
100,100_1,g9,g09,g,09
100,100_2,g10,g10,g,10
100,100_3,g10,g10,g,10
100,100_4,g9,g09,g,09
100,100_5,g10,g10,g,10
100,100_6,g10,g10,g,10
100,100_7,g9,g09,g,09
100,100_8,g10,g10,g,10
100,100_9,g10,g10,g,10
101,101_1,g11,g11,g,11
101,101_2,g11,g11,g,11
101,101_3,g12,g12,g,12
101,101_4,g11,g11,g,11
101,101_5,g11,g11,g,11
101,101_6,g12,g12,g,12
101,101_7,g11,g11,g,11
101,101_8,g11,g11,g,11
101,101_9,g12,g12,g,12
102,102_1,g12,g12,g,12
102,102_2,g13,g13,g,13
102,102_3,g13,g13,g,13
102,102_4,g12,g12,g,12
102,102_5,g13,g13,g,13
102,102_6,g13,g13,g,13
102,102_7,g12,g12,g,12
102,102_8,g13,g13,g,13
102,102_9,g13,g13,g,13
103,103_1,g14,g14,g,14
103,103_2,g14,g14,g,14
103,103_3,g15,g15,g,15
103,103_4,g14,g14,g,14
103,103_5,g14,g14,g,14
103,103_6,g15,g15,g,15
103,103_7,g14,g14,g,14
103,103_8,g14,g14,g,14
103,103_9,g15,g15,g,15
104,104_1,g2,g02,g,02
104,104_2,g2,g02,g,02
104,104_3,g3,g03,g,03
104,104_4,k2,k02,k,02
104,104_5,k2,k02,k,02
104,104_6,k3,k03,k,03
104,104_7,k2,k02,k,02
104,104_8,k2,k02,k,02
104,104_9,k3,k03,k,03
105,105_1,g3,g03,g,03
105,105_2,g4,g04,g,04
105,105_3,g4,g04,g,04
105,105_4,k3,k03,k,03
105,105_5,k4,k04,k,04
105,105_6,k4,k04,k,04
105,105_7,k3,k03,k,03
105,105_8,k4,k04,k,04
105,105_9,k4,k04,k,04
106,106_1,g5,g05,g,05
106,106_2,g5,g05,g,05
106,106_3,g6,g06,g,06
106,106_4,k5,k05,k,05
106,106_5,k5,k05,k,05
106,106_6,k6,k06,k,06
106,106_7,k5,k05,k,05
106,106_8,k5,k05,k,05
106,106_9,k6,k06,k,06
107,107_1,g6,g06,g,06
107,107_2,g7,g07,g,07
107,107_3,g7,g07,g,07
107,107_4,k6,k06,k,06
107,107_5,k7,k07,k,07
107,107_6,k7,k07,k,07
107,107_7,k6,k06,k,06
107,107_8,k7,k07,k,07
107,107_9,k7,k07,k,07
108,108_1,g8,g08,g,08
108,108_2,g8,g08,g,08
108,108_3,g9,g09,g,09
108,108_4,k8,k08,k,08
108,108_5,k8,k08,k,08
108,108_6,k9,k09,k,09
108,108_7,k8,k08,k,08
108,108_8,k8,k08,k,08
108,108_9,k9,k09,k,09
109,109_1,g9,g09,g,09
109,109_2,g10,g10,g,10
109,109_3,g10,g10,g,10
109,109_4,k9,k09,k,09
109,109_5,k10,k10,k,10
109,109_6,k10,k10,k,10
109,109_7,k9,k09,k,09
109,109_8,k10,k10,k,10
109,109_9,k10,k10,k,10
110,110_1,g11,g11,g,11
110,110_2,g11,g11,g,11
110,110_3,g12,g12,g,12
110,110_4,k11,k11,k,11
110,110_5,k11,k11,k,11
110,110_6,k12,k12,k,12
110,110_7,k11,k11,k,11
110,110_8,k11,k11,k,11
110,110_9,k12,k12,k,12
111,111_1,g12,g12,g,12
111,111_2,g13,g13,g,13
111,111_3,g13,g13,g,13
111,111_4,k12,k12,k,12
111,111_5,k13,k13,k,13
111,111_6,k13,k13,k,13
111,111_7,k12,k12,k,12
111,111_8,k13,k13,k,13
111,111_9,k13,k13,k,13
112,112_1,g14,g14,g,14
112,112_2,g14,g14,g,14
112,112_3,g15,g15,g,15
112,112_4,k14,k14,k,14
112,112_5,k14,k14,k,14
112,112_6,k15,k15,k,15
112,112_7,k14,k14,k,14
112,112_8,k14,k14,k,14
112,112_9,k15,k15,k,15
113,113_1,k2,k02,k,02
113,113_2,k2,k02,k,02
113,113_3,k3,k03,k,03
113,113_4,k2,k02,k,02
113,113_5,k2,k02,k,02
113,113_6,k3,k03,k,03
113,113_7,l2,l02,l,02
113,113_8,l2,l02,l,02
113,113_9,l3,l03,l,03
114,114_1,k3,k03,k,03
114,114_2,k4,k04,k,04
114,114_3,k4,k04,k,04
114,114_4,k3,k03,k,03
114,114_5,k4,k04,k,04
114,114_6,k4,k04,k,04
114,114_7,l3,l03,l,03
114,114_8,l4,l04,l,04
114,114_9,l4,l04,l,04
115,115_1,k5,k05,k,05
115,115_2,k5,k05,k,05
115,115_3,k6,k06,k,06
115,115_4,k5,k05,k,05
115,115_5,k5,k05,k,05
115,115_6,k6,k06,k,06
115,115_7,l5,l05,l,05
115,115_8,l5,l05,l,05
115,115_9,l6,l06,l,06
116,116_1,k6,k06,k,06
116,116_2,k7,k07,k,07
116,116_3,k7,k07,k,07
116,116_4,k6,k06,k,06
116,116_5,k7,k07,k,07
116,116_6,k7,k07,k,07
116,116_7,l6,l06,l,06
116,116_8,l7,l07,l,07
116,116_9,l7,l07,l,07
117,117_1,k8,k08,k,08
117,117_2,k8,k08,k,08
117,117_3,k9,k09,k,09
117,117_4,k8,k08,k,08
117,117_5,k8,k08,k,08
117,117_6,k9,k09,k,09
117,117_7,l8,l08,l,08
117,117_8,l8,l08,l,08
117,117_9,l9,l09,l,09
118,118_1,k9,k09,k,09
118,118_2,k10,k10,k,10
118,118_3,k10,k10,k,10
118,118_4,k9,k09,k,09
118,118_5,k10,k10,k,10
118,118_6,k10,k10,k,10
118,118_7,l9,l09,l,09
118,118_8,l10,l10,l,10
118,118_9,l10,l10,l,10
119,119_1,k11,k11,k,11
119,119_2,k11,k11,k,11
119,119_3,k12,k12,k,12
119,119_4,k11,k11,k,11
119,119_5,k11,k11,k,11
119,119_6,k12,k12,k,12
119,119_7,l11,l11,l,11
119,119_8,l11,l11,l,11
119,119_9,l12,l12,l,12
120,120_1,k12,k12,k,12
120,120_2,k13,k13,k,13
120,120_3,k13,k13,k,13
120,120_4,k12,k12,k,12
120,120_5,k13,k13,k,13
120,120_6,k13,k13,k,13
120,120_7,l12,l12,l,12
120,120_8,l13,l13,l,13
120,120_9,l13,l13,l,13
121,121_1,k14,k14,k,14
121,121_2,k14,k14,k,14
121,121_3,k15,k15,k,15
121,121_4,k14,k14,k,14
121,121_5,k14,k14,k,14
121,121_6,k15,k15,k,15
121,121_7,l14,l14,l,14
121,121_8,l14,l14,l,14
121,121_9,l15,l15,l,15
122,122_1,l2,l02,l,02
122,122_2,l2,l02,l,02
122,122_3,l3,l03,l,03
122,122_4,l2,l02,l,02
122,122_5,l2,l02,l,02
122,122_6,l3,l03,l,03
122,122_7,l2,l02,l,02
122,122_8,l2,l02,l,02
122,122_9,l3,l03,l,03
123,123_1,l3,l03,l,03
123,123_2,l4,l04,l,04
123,123_3,l4,l04,l,04
123,123_4,l3,l03,l,03
123,123_5,l4,l04,l,04
123,123_6,l4,l04,l,04
123,123_7,l3,l03,l,03
123,123_8,l4,l04,l,04
123,123_9,l4,l04,l,04
124,124_1,l5,l05,l,05
124,124_2,l5,l05,l,05
124,124_3,l6,l06,l,06
124,124_4,l5,l05,l,05
124,124_5,l5,l05,l,05
124,124_6,l6,l06,l,06
124,124_7,l5,l05,l,05
124,124_8,l5,l05,l,05
124,124_9,l6,l06,l,06
125,125_1,l6,l06,l,06
125,125_2,l7,l07,l,07
125,125_3,l7,l07,l,07
125,125_4,l6,l06,l,06
125,125_5,l7,l07,l,07
125,125_6,l7,l07,l,07
125,125_7,l6,l06,l,06
125,125_8,l7,l07,l,07
125,125_9,l7,l07,l,07
126,126_1,l8,l08,l,08
126,126_2,l8,l08,l,08
126,126_3,l9,l09,l,09
126,126_4,l8,l08,l,08
126,126_5,l8,l08,l,08
126,126_6,l9,l09,l,09
126,126_7,l8,l08,l,08
126,126_8,l8,l08,l,08
126,126_9,l9,l09,l,09
127,127_1,l9,l09,l,09
127,127_2,l10,l10,l,10
127,127_3,l10,l10,l,10
127,127_4,l9,l09,l,09
127,127_5,l10,l10,l,10
127,127_6,l10,l10,l,10
127,127_7,l9,l09,l,09
127,127_8,l10,l10,l,10
127,127_9,l10,l10,l,10
128,128_1,l11,l11,l,11
128,128_2,l11,l11,l,11
128,128_3,l12,l12,l,12
128,128_4,l11,l11,l,11
128,128_5,l11,l11,l,11
128,128_6,l12,l12,l,12
128,128_7,l11,l11,l,11
128,128_8,l11,l11,l,11
128,128_9,l12,l12,l,12
129,129_1,l12,l12,l,12
129,129_2,l13,l13,l,13
129,129_3,l13,l13,l,13
129,129_4,l12,l12,l,12
129,129_5,l13,l13,l,13
129,129_6,l13,l13,l,13
129,129_7,l12,l12,l,12
129,129_8,l13,l13,l,13
129,129_9,l13,l13,l,13
130,130_1,l14,l14,l,14
130,130_2,l14,l14,l,14
130,130_3,l15,l15,l,15
130,130_4,l14,l14,l,14
130,130_5,l14,l14,l,14
130,130_6,l15,l15,l,15
130,130_7,l14,l14,l,14
130,130_8,l14,l14,l,14
130,130_9,l15,l15,l,15
131,131_1,m2,m02,m,02
131,131_2,m2,m02,m,02
131,131_3,m3,m03,m,03
131,131_4,m2,m02,m,02
131,131_5,m2,m02,m,02
131,131_6,m3,m03,m,03
131,131_7,m2,m02,m,02
131,131_8,m2,m02,m,02
131,131_9,m3,m03,m,03
132,132_1,m3,m03,m,03
132,132_2,m4,m04,m,04
132,132_3,m4,m04,m,04
132,132_4,m3,m03,m,03
132,132_5,m4,m04,m,04
132,132_6,m4,m04,m,04
132,132_7,m3,m03,m,03
132,132_8,m4,m04,m,04
132,132_9,m4,m04,m,04
133,133_1,m5,m05,m,05
133,133_2,m5,m05,m,05
133,133_3,m6,m06,m,06
133,133_4,m5,m05,m,05
133,133_5,m5,m05,m,05
133,133_6,m6,m06,m,06
133,133_7,m5,m05,m,05
133,133_8,m5,m05,m,05
133,133_9,m6,m06,m,06
134,134_1,m6,m06,m,06
134,134_2,m7,m07,m,07
134,134_3,m7,m07,m,07
134,134_4,m6,m06,m,06
134,134_5,m7,m07,m,07
134,134_6,m7,m07,m,07
134,134_7,m6,m06,m,06
134,134_8,m7,m07,m,07
134,134_9,m7,m07,m,07
135,135_1,m8,m08,m,08
135,135_2,m8,m08,m,08
135,135_3,m9,m09,m,09
135,135_4,m8,m08,m,08
135,135_5,m8,m08,m,08
135,135_6,m9,m09,m,09
135,135_7,m8,m08,m,08
135,135_8,m8,m08,m,08
135,135_9,m9,m09,m,09
136,136_1,m9,m09,m,09
136,136_2,m10,m10,m,10
136,136_3,m10,m10,m,10
136,136_4,m9,m09,m,09
136,136_5,m10,m10,m,10
136,136_6,m10,m10,m,10
136,136_7,m9,m09,m,09
136,136_8,m10,m10,m,10
136,136_9,m10,m10,m,10
137,137_1,m11,m11,m,11
137,137_2,m11,m11,m,11
137,137_3,m12,m12,m,12
137,137_4,m11,m11,m,11
137,137_5,m11,m11,m,11
137,137_6,m12,m12,m,12
137,137_7,m11,m11,m,11
137,137_8,m11,m11,m,11
137,137_9,m12,m12,m,12
138,138_1,m12,m12,m,12
138,138_2,m13,m13,m,13
138,138_3,m13,m13,m,13
138,138_4,m12,m12,m,12
138,138_5,m13,m13,m,13
138,138_6,m13,m13,m,13
138,138_7,m12,m12,m,12
138,138_8,m13,m13,m,13
138,138_9,m13,m13,m,13
139,139_1,m14,m14,m,14
139,139_2,m14,m14,m,14
139,139_3,m15,m15,m,15
139,139_4,m14,m14,m,14
139,139_5,m14,m14,m,14
139,139_6,m15,m15,m,15
139,139_7,m14,m14,m,14
139,139_8,m14,m14,m,14
139,139_9,m15,m15,m,15
140,140_1,m2,m02,m,02
140,140_2,m2,m02,m,02
140,140_3,m3,m03,m,03
140,140_4,n2,n02,n,02
140,140_5,n2,n02,n,02
140,140_6,n3,n03,n,03
140,140_7,n2,n02,n,02
140,140_8,n2,n02,n,02
140,140_9,n3,n03,n,03
141,141_1,m3,m03,m,03
141,141_2,m4,m04,m,04
141,141_3,m4,m04,m,04
141,141_4,n3,n03,n,03
141,141_5,n4,n04,n,04
141,141_6,n4,n04,n,04
141,141_7,n3,n03,n,03
141,141_8,n4,n04,n,04
141,141_9,n4,n04,n,04
142,142_1,m5,m05,m,05
142,142_2,m5,m05,m,05
142,142_3,m6,m06,m,06
142,142_4,n5,n05,n,05
142,142_5,n5,n05,n,05
142,142_6,n6,n06,n,06
142,142_7,n5,n05,n,05
142,142_8,n5,n05,n,05
142,142_9,n6,n06,n,06
143,143_1,m6,m06,m,06
143,143_2,m7,m07,m,07
143,143_3,m7,m07,m,07
143,143_4,n6,n06,n,06
143,143_5,n7,n07,n,07
143,143_6,n7,n07,n,07
143,143_7,n6,n06,n,06
143,143_8,n7,n07,n,07
143,143_9,n7,n07,n,07
144,144_1,m8,m08,m,08
144,144_2,m8,m08,m,08
144,144_3,m9,m09,m,09
144,144_4,n8,n08,n,08
144,144_5,n8,n08,n,08
144,144_6,n9,n09,n,09
144,144_7,n8,n08,n,08
144,144_8,n8,n08,n,08
144,144_9,n9,n09,n,09
145,145_1,m9,m09,m,09
145,145_2,m10,m10,m,10
145,145_3,m10,m10,m,10
145,145_4,n9,n09,n,09
145,145_5,n10,n10,n,10
145,145_6,n10,n10,n,10
145,145_7,n9,n09,n,09
145,145_8,n10,n10,n,10
145,145_9,n10,n10,n,10
146,146_1,m11,m11,m,11
146,146_2,m11,m11,m,11
146,146_3,m12,m12,m,12
146,146_4,n11,n11,n,11
146,146_5,n11,n11,n,11
146,146_6,n12,n12,n,12
146,146_7,n11,n11,n,11
146,146_8,n11,n11,n,11
146,146_9,n12,n12,n,12
147,147_1,m12,m12,m,12
147,147_2,m13,m13,m,13
147,147_3,m13,m13,m,13
147,147_4,n12,n12,n,12
147,147_5,n13,n13,n,13
147,147_6,n13,n13,n,13
147,147_7,n12,n12,n,12
147,147_8,n13,n13,n,13
147,147_9,n13,n13,n,13
148,148_1,m14,m14,m,14
148,148_2,m14,m14,m,14
148,148_3,m15,m15,m,15
148,148_4,n14,n14,n,14
148,148_5,n14,n14,n,14
148,148_6,n15,n15,n,15
148,148_7,n14,n14,n,14
148,148_8,n14,n14,n,14
148,148_9,n15,n15,n,15
149,149_1,n2,n02,n,02
149,149_2,n2,n02,n,02
149,149_3,n3,n03,n,03
149,149_4,n2,n02,n,02
149,149_5,n2,n02,n,02
149,149_6,n3,n03,n,03
149,149_7,o2,o02,o,02
149,149_8,o2,o02,o,02
149,149_9,o3,o03,o,03
150,150_1,n3,n03,n,03
150,150_2,n4,n04,n,04
150,150_3,n4,n04,n,04
150,150_4,n3,n03,n,03
150,150_5,n4,n04,n,04
150,150_6,n4,n04,n,04
150,150_7,o3,o03,o,03
150,150_8,o4,o04,o,04
150,150_9,o4,o04,o,04
151,151_1,n5,n05,n,05
151,151_2,n5,n05,n,05
151,151_3,n6,n06,n,06
151,151_4,n5,n05,n,05
151,151_5,n5,n05,n,05
151,151_6,n6,n06,n,06
151,151_7,o5,o05,o,05
151,151_8,o5,o05,o,05
151,151_9,o6,o06,o,06
152,152_1,n6,n06,n,06
152,152_2,n7,n07,n,07
152,152_3,n7,n07,n,07
152,152_4,n6,n06,n,06
152,152_5,n7,n07,n,07
152,152_6,n7,n07,n,07
152,152_7,o6,o06,o,06
152,152_8,o7,o07,o,07
152,152_9,o7,o07,o,07
153,153_1,n8,n08,n,08
153,153_2,n8,n08,n,08
153,153_3,n9,n09,n,09
153,153_4,n8,n08,n,08
153,153_5,n8,n08,n,08
153,153_6,n9,n09,n,09
153,153_7,o8,o08,o,08
153,153_8,o8,o08,o,08
153,153_9,o9,o09,o,09
154,154_1,n9,n09,n,09
154,154_2,n10,n10,n,10
154,154_3,n10,n10,n,10
154,154_4,n9,n09,n,09
154,154_5,n10,n10,n,10
154,154_6,n10,n10,n,10
154,154_7,o9,o09,o,09
154,154_8,o10,o10,o,10
154,154_9,o10,o10,o,10
155,155_1,n11,n11,n,11
155,155_2,n11,n11,n,11
155,155_3,n12,n12,n,12
155,155_4,n11,n11,n,11
155,155_5,n11,n11,n,11
155,155_6,n12,n12,n,12
155,155_7,o11,o11,o,11
155,155_8,o11,o11,o,11
155,155_9,o12,o12,o,12
156,156_1,n12,n12,n,12
156,156_2,n13,n13,n,13
156,156_3,n13,n13,n,13
156,156_4,n12,n12,n,12
156,156_5,n13,n13,n,13
156,156_6,n13,n13,n,13
156,156_7,o12,o12,o,12
156,156_8,o13,o13,o,13
156,156_9,o13,o13,o,13
157,157_1,o1,o01,o,01
157,157_2,o1,o01,o,01
157,157_3,o2,o02,o,02
157,157_4,o1,o01,o,01
157,157_5,o1,o01,o,01
157,157_6,o2,o02,o,02
157,157_7,o1,o01,o,01
157,157_8,o1,o01,o,01
157,157_9,o2,o02,o,02
158,158_1,o2,o02,o,02
158,158_2,o3,o03,o,03
158,158_3,o3,o03,o,03
158,158_4,o2,o02,o,02
158,158_5,o3,o03,o,03
158,158_6,o3,o03,o,03
158,158_7,o2,o02,o,02
158,158_8,o3,o03,o,03
158,158_9,o3,o03,o,03
159,159_1,o4,o04,o,04
159,159_2,o4,o04,o,04
159,159_3,o5,o05,o,05
159,159_4,o4,o04,o,04
159,159_5,o4,o04,o,04
159,159_6,o5,o05,o,05
159,159_7,o4,o04,o,04
159,159_8,o4,o04,o,04
159,159_9,o5,o05,o,05
160,160_1,o5,o05,o,05
160,160_2,o6,o06,o,06
160,160_3,o6,o06,o,06
160,160_4,o5,o05,o,05
160,160_5,o6,o06,o,06
160,160_6,o6,o06,o,06
160,160_7,o5,o05,o,05
160,160_8,o6,o06,o,06
160,160_9,o6,o06,o,06
161,161_1,o7,o07,o,07
161,161_2,o7,o07,o,07
161,161_3,o8,o08,o,08
161,161_4,o7,o07,o,07
161,161_5,o7,o07,o,07
161,161_6,o8,o08,o,08
161,161_7,o7,o07,o,07
161,161_8,o7,o07,o,07
161,161_9,o8,o08,o,08
162,162_1,o8,o08,o,08
162,162_2,o9,o09,o,09
162,162_3,o9,o09,o,09
162,162_4,o8,o08,o,08
162,162_5,o9,o09,o,09
162,162_6,o9,o09,o,09
162,162_7,o8,o08,o,08
162,162_8,o9,o09,o,09
162,162_9,o9,o09,o,09
163,163_1,o10,o10,o,10
163,163_2,o10,o10,o,10
163,163_3,o11,o11,o,11
163,163_4,o10,o10,o,10
163,163_5,o10,o10,o,10
163,163_6,o11,o11,o,11
163,163_7,o10,o10,o,10
163,163_8,o10,o10,o,10
163,163_9,o11,o11,o,11
164,164_1,o11,o11,o,11
164,164_2,o12,o12,o,12
164,164_3,o12,o12,o,12
164,164_4,o11,o11,o,11
164,164_5,o12,o12,o,12
164,164_6,o12,o12,o,12
164,164_7,o11,o11,o,11
164,164_8,o12,o12,o,12
164,164_9,o12,o12,o,12
165,165_1,p1,p01,p,01
165,165_2,p1,p01,p,01
165,165_3,p2,p02,p,02
165,165_4,p1,p01,p,01
165,165_5,p1,p01,p,01
165,165_6,p2,p02,p,02
165,165_7,p1,p01,p,01
165,165_8,p1,p01,p,01
165,165_9,p2,p02,p,02
166,166_1,p2,p02,p,02
166,166_2,p3,p03,p,03
166,166_3,p3,p03,p,03
166,166_4,p2,p02,p,02
166,166_5,p3,p03,p,03
166,166_6,p3,p03,p,03
166,166_7,p2,p02,p,02
166,166_8,p3,p03,p,03
166,166_9,p3,p03,p,03
167,167_1,p4,p04,p,04
167,167_2,p4,p04,p,04
167,167_3,p5,p05,p,05
167,167_4,p4,p04,p,04
167,167_5,p4,p04,p,04
167,167_6,p5,p05,p,05
167,167_7,p4,p04,p,04
167,167_8,p4,p04,p,04
167,167_9,p5,p05,p,05
168,168_1,p5,p05,p,05
168,168_2,p6,p06,p,06
168,168_3,p6,p06,p,06
168,168_4,p5,p05,p,05
168,168_5,p6,p06,p,06
168,168_6,p6,p06,p,06
168,168_7,p5,p05,p,05
168,168_8,p6,p06,p,06
168,168_9,p6,p06,p,06
169,169_1,p7,p07,p,07
169,169_2,p7,p07,p,07
169,169_3,p8,p08,p,08
169,169_4,p7,p07,p,07
169,169_5,p7,p07,p,07
169,169_6,p8,p08,p,08
169,169_7,p7,p07,p,07
169,169_8,p7,p07,p,07
169,169_9,p8,p08,p,08
170,170_1,p8,p08,p,08
170,170_2,p9,p09,p,09
170,170_3,p9,p09,p,09
170,170_4,p8,p08,p,08
170,170_5,p9,p09,p,09
170,170_6,p9,p09,p,09
170,170_7,p8,p08,p,08
170,170_8,p9,p09,p,09
170,170_9,p9,p09,p,09
171,171_1,p10,p10,p,10
171,171_2,p10,p10,p,10
171,171_3,p11,p11,p,11
171,171_4,p10,p10,p,10
171,171_5,p10,p10,p,10
171,171_6,p11,p11,p,11
171,171_7,p10,p10,p,10
171,171_8,p10,p10,p,10
171,171_9,p11,p11,p,11
172,172_1,p1,p01,p,01
172,172_2,p1,p01,p,01
172,172_3,p2,p02,p,02
172,172_4,q1,q01,q,01
172,172_5,q1,q01,q,01
172,172_6,q2,q02,q,02
172,172_7,q1,q01,q,01
172,172_8,q1,q01,q,01
172,172_9,q2,q02,q,02
173,173_1,p2,p02,p,02
173,173_2,p3,p03,p,03
173,173_3,p3,p03,p,03
173,173_4,q2,q02,q,02
173,173_5,q3,q03,q,03
173,173_6,q3,q03,q,03
173,173_7,q2,q02,q,02
173,173_8,q3,q03,q,03
173,173_9,q3,q03,q,03
174,174_1,p4,p04,p,04
174,174_2,p4,p04,p,04
174,174_3,p5,p05,p,05
174,174_4,q4,q04,q,04
174,174_5,q4,q04,q,04
174,174_6,q5,q05,q,05
174,174_7,q4,q04,q,04
174,174_8,q4,q04,q,04
174,174_9,q5,q05,q,05
175,175_1,p5,p05,p,05
175,175_2,p6,p06,p,06
175,175_3,p6,p06,p,06
175,175_4,q5,q05,q,05
175,175_5,q6,q06,q,06
175,175_6,q6,q06,q,06
175,175_7,q5,q05,q,05
175,175_8,q6,q06,q,06
175,175_9,q6,q06,q,06
176,176_1,p7,p07,p,07
176,176_2,p7,p07,p,07
176,176_3,p8,p08,p,08
176,176_4,q7,q07,q,07
176,176_5,q7,q07,q,07
176,176_6,q8,q08,q,08
176,176_7,q7,q07,q,07
176,176_8,q7,q07,q,07
176,176_9,q8,q08,q,08
177,177_1,p8,p08,p,08
177,177_2,p9,p09,p,09
177,177_3,p9,p09,p,09
177,177_4,q8,q08,q,08
177,177_5,q9,q09,q,09
177,177_6,q9,q09,q,09
177,177_7,q8,q08,q,08
177,177_8,q9,q09,q,09
177,177_9,q9,q09,q,09
178,178_1,p10,p10,p,10
178,178_2,p10,p10,p,10
178,178_3,p11,p11,p,11
178,178_4,q10,q10,q,10
178,178_5,q10,q10,q,10
178,178_6,q11,q11,q,11
178,178_7,q10,q10,q,10
178,178_8,q10,q10,q,10
178,178_9,q11,q11,q,11
179,179_1,q1,q01,q,01
179,179_2,q1,q01,q,01
179,179_3,q2,q02,q,02
179,179_4,q1,q01,q,01
179,179_5,q1,q01,q,01
179,179_6,q2,q02,q,02
179,179_7,r1,r01,r,01
179,179_8,r1,r01,r,01
179,179_9,r2,r02,r,02
180,180_1,q2,q02,q,02
180,180_2,q3,q03,q,03
180,180_3,q3,q03,q,03
180,180_4,q2,q02,q,02
180,180_5,q3,q03,q,03
180,180_6,q3,q03,q,03
180,180_7,r2,r02,r,02
180,180_8,r3,r03,r,03
180,180_9,r3,r03,r,03
181,181_1,q4,q04,q,04
181,181_2,q4,q04,q,04
181,181_3,q5,q05,q,05
181,181_4,q4,q04,q,04
181,181_5,q4,q04,q,04
181,181_6,q5,q05,q,05
181,181_7,r4,r04,r,04
181,181_8,r4,r04,r,04
181,181_9,r5,r05,r,05
182,182_1,q5,q05,q,05
182,182_2,q6,q06,q,06
182,182_3,q6,q06,q,06
182,182_4,q5,q05,q,05
182,182_5,q6,q06,q,06
182,182_6,q6,q06,q,06
182,182_7,r5,r05,r,05
182,182_8,r6,r06,r,06
182,182_9,r6,r06,r,06
183,183_1,q7,q07,q,07
183,183_2,q7,q07,q,07
183,183_3,q8,q08,q,08
183,183_4,q7,q07,q,07
183,183_5,q7,q07,q,07
183,183_6,q8,q08,q,08
183,183_7,r7,r07,r,07
183,183_8,r7,r07,r,07
183,183_9,r8,r08,r,08
184,184_1,q8,q08,q,08
184,184_2,q9,q09,q,09
184,184_3,q9,q09,q,09
184,184_4,q8,q08,q,08
184,184_5,q9,q09,q,09
184,184_6,q9,q09,q,09
184,184_7,r8,r08,r,08
184,184_8,r9,r09,r,09
184,184_9,r9,r09,r,09
185,185_1,r1,r01,r,01
185,185_2,r1,r01,r,01
185,185_3,r2,r02,r,02
185,185_4,r1,r01,r,01
185,185_5,r1,r01,r,01
185,185_6,r2,r02,r,02
185,185_7,r1,r01,r,01
185,185_8,r1,r01,r,01
185,185_9,r2,r02,r,02
186,186_1,r2,r02,r,02
186,186_2,r3,r03,r,03
186,186_3,r3,r03,r,03
186,186_4,r2,r02,r,02
186,186_5,r3,r03,r,03
186,186_6,r3,r03,r,03
186,186_7,r2,r02,r,02
186,186_8,r3,r03,r,03
186,186_9,r3,r03,r,03
187,187_1,r4,r04,r,04
187,187_2,r4,r04,r,04
187,187_3,r5,r05,r,05
187,187_4,r4,r04,r,04
187,187_5,r4,r04,r,04
187,187_6,r5,r05,r,05
187,187_7,r4,r04,r,04
187,187_8,r4,r04,r,04
187,187_9,r5,r05,r,05
188,188_1,r5,r05,r,05
188,188_2,r6,r06,r,06
188,188_3,r6,r06,r,06
188,188_4,r5,r05,r,05
188,188_5,r6,r06,r,06
188,188_6,r6,r06,r,06
188,188_7,r5,r05,r,05
188,188_8,r6,r06,r,06
188,188_9,r6,r06,r,06
